date,totalArticles,title&description,Sentiment Score,open,high,low,close,volume,daily_return,volume change,spread,joy,fear,sadness,tentative,analytical,fast_close,slow_close,crossover_long,crossover_short,crossover_signal,fast_vol,slow_vol,vol_trend_long,vol_trend_short,vol_trend_signal,bollinger_mid_band,bollinger_std,bollinger_upper_band,bollinger_lower_band,bollinger_long,bollinger_short,bollinger_signal
2020-12-18,18,"How to invest in bitcoin: The major ways to buy, their pros and cons, and the strategies to consider From financial apps to publicly traded funds to crypto-exchanges, there are now a multitude of options for investing in bitcoin. Bitcoin remains risky andWhich Bitcoin Fund Should You Buy? Bitcoin is on a bull run again. How does the Bitcoin Fund (TSX:QBTC) compare to its new rival?Bitcoin's market cap could hit $1 trillion in 2021 as its growing reserve currency status drives adoption higher, a cryptocurrency expert says Bitcoin's market cap could hit a trillion dollars as early as 2021, according to Blockchain.com's head of research. ""My expectation is that bitcoin will becomeNew bitcoin investors buying $20 million or more flood crypto market A herd of new, institutional investors are scooping up bitcoin this year as the price more than doubles.Forget Gold and Bitcoin. I’d Use the Stock Market Crash to Buy Cheap Shares to Get Rich It is still possible to buy cheap shares after the stock market crash, in my view. I’d rather buy them than popular assets such as gold and Bitcoin.Dollar gains after week of losses, Bitcoin hovers near record high The dollar rose on Friday from two-and-a-half-year lows as some investors squared positions heading into year-end, while Bitcoin edged lower but still hovered near its all-time high.FOREX-Dollar gains after week of losses, Bitcoin hovers near record high * Dollar gains after week of losses; Bitcoin hovers near record high (Adds details on Wall Street indices and Bitcoin, updates prices, comments) By Suzanne Barlyn Dec 18 (Reuters) - The dollar rose on Friday from two-and-a-half-year lows as some investors squared positions...Breakingviews - Review: Money’s history proves credibility is king Money, like law, is a useful bit of fiction. In “Money: the true story of a made-up thing”, Jacob Goldstein, the co-host of the “Planet Money” podcast, traces the journey from Mesopotamian clay tokens to bitcoin, exploring currency’s fraught relationship with shiny metals...Bitcoin Is Surging. Coinbase’s IPO Will Be Another Way to Play the Hot Cryptocurrency. Stimulus deal may take a few more days, Russian cyberattacks a “grave threat,” FDA panel recommends Moderna vaccine authorization, and other news to start your day.Bitcoin vs. Gold: Which Is the Better Buy in 2021? Bitcoin and gold have had a banner 2020 in the face of a devastating pandemic. Which is the better target for 2021?",1,22811.8,23317.1,22308.2,23130.5,6050.93755165,0.0133311720741953,-0.6814196389110019,0.0442271105305148,0.590572,0.592034,0.534758,0.515201,0.0,23130.5,23130.5,0.0,0.0,0.0,,,0.0,0.0,0.0,,,,,0.0,0.0,0.0
2020-12-19,6,"How will Bitcoin shift the power in the coffee industry? TechStartups - Coverage of Technology News, technology startups, Emerging technology, venture capital funding, and Silicon ValleyHow to Invest in Bitcoin: It Can Be Easy, but Watch Out for Fees. There is no Bitcoin exchange-traded fund, and there may not be one for years. Still, there are options.Bitcoin Is Hot! Should You Buy This Crypto Mining Stock? Back in May, I though Hive Blockchain Technologies (TSX:HIVE) was a good buy. With the stock up around 400%, should you buy more today?Toronto police investigating threatening letters containing white powder Investigators say the letter demands that the person it's addressed to deposit Bitcoin in exchange for their family's well beingShould you invest in Bitcoin? Bitcoin Investment: A Bitcoin exchange functions like a bank where a person buys and sells Bitcoins with traditional currency. Depending on the demand and supply, the price of a Bitcoin keeps fluctuating.Bitcoin’s Move Foreshadows Stocks’ Move, Says One Technician There’s no “blowoff spike” in open interest in Bitcoin futures, which bodes well for the cryptocurrency’s price, and for stocks. Plus, market newsletter commentary on inflation, economic activity, and a rotation beyond tech stocks",1,23132.8,24288.2,22800.0,23871.5,6255.1278031,0.0320356239597068,0.0337452253815311,0.0643328952828884,0.529512,0.0,0.0,0.68286,0.0,23624.5,23513.83541292065,1.0,0.0,1.0,0.013226044766622687,0.013226044766622685,0.0,-1.0,-1.0,,,,,0.0,0.0,0.0
2020-12-20,14,"Tesla's Elon Musk asks about converting ""large transactions"" to bitcoin Elon Musk on Sunday asked about the possibility of converting ""large transactions"" of Tesla Inc's balance sheet into bitcoin, according to a ...Tesla's Elon Musk asks about converting 'large transactions' to bitcoin Elon Musk on Sunday asked about the possibility of converting ""large transactions"" of Tesla Inc's balance sheet into bitcoin, according to a ...Tesla's Elon Musk asks about converting 'large transactions' to bitcoin Elon Musk on Sunday asked about the possibility of converting ""large transactions"" of Tesla Inc's balance sheet into bitcoin, according to a Twitter exchange between Musk and a well-known advocate for the digital currency.Elon Musk tweeted about Dogecoin. It soared 20% What started off as a meme-inspired parody cryptocurrency has now become the center of a series of tweets in a bitcoin sound-off from Elon Musk.All aboard the billionaires' bitcoin bandwagon Now that bitcoin has topped US$20,000 (S$26,550) for the first time, should you shift your hard-earned cash into digital currencies?. Read more at straitstimes.com.Bitcoin value breaks all-time high of over $24k Several days ago, bitcoin showed a significant upward trend, trading at over $23,000 and gaining around 20 percent in a single day. Bitcoin has extended its record,Elon Musk inquires about moving ‘large transactions’ to bitcoin Michael Saylor, CEO of Microstrategy Inc., encouraged the billionaire to shift U.S. dollars from the electric-car maker to Bitcoin and ‘do your shareholders a $100 billion favor’Forget Bitcoin: Buy This Ethereum ETF Instead Bitcoin (TSX:QBTC.U) has surged this year. Investors should look at its underrated peer, Ethereum too.Ritholz And Brown Riff On Tesla, Bitcoin, And SPACs Barry Ritholtz and Josh Brown are financial advisors and big personalities. They spoke with Barron’s in a wide-ranging interview that required two parts. This is the second.Bitcoin tycoon Mike Novogratz breaks down how the pandemic accelerated the cryptocurrency revolution Bitcoin bull Mike Novogratz explained two pandemic-induced trends that accelerated the ""cryptocurrency revolution"" during a Real Vision interview published",1,23871.5,24297.7,23084.9,23480.7,5876.10037185,-0.0163709863226022,-0.0605946741906947,0.0508053536644115,0.565506,0.0,0.508825,0.594668,0.0,23542.32857142857,23502.01646325406,1.0,0.0,1.0,0.028644486658851477,0.024879961380391998,0.0,-1.0,-1.0,,,,,0.0,0.0,0.0
2020-12-21,13,"Ripple to face SEC suit over XRP cryptocurrency Agency, whose chairman is leaving soon, claims the company violated investor-protection laws when it sold the bitcoin-like digital assetBitcoin May Face Regulatory Scrutiny After Record-Breaking Rally, Experts Say With Bitcoin capturing greater attention, it could also garner further scrutiny from regulators, says Guy Hirsch, managing director for the US at online-trading platform eToro.Bitcoin plunges the most in nearly a month after its record-breaking surge past $24,200 Bitcoin plummeted as much as 6% on Monday, representing the deepest drop in the crypto asset in nearly a month. The decline comes after Bitcoin rocketed toElon Musk inquired on Twitter about 'large' bitcoin transactions after a crypto booster suggested he convert Tesla's balance sheet Elon Musk tweeted a racy photo on Sunday suggesting he's being tempted by bitcoin. The elicited a response from crypto booster Michael Saylor, who suggestedBillionaire investor Sam Zell questions Tesla and Bitcoin, predicts workers will return to offices, and warns the US dollar could be replaced as the world's reserve currency in a new interview. Here a Real-estate magnate Sam Zell cautioned the US dollar could be usurped as the world's reserve currency in the next decade during a Real Vision interview thisElon Musk Considers 'Large Transactions' from Tesla to Bitcoin Tesla's Elon Musk considers the possibility of converting the company's balance sheet into cryptocurrency on Twitter. Read the details here.Bitcoin slumps 6% as new COVID-19 strain upsets wider markets Bitcoin dropped as much as 6% on Monday, with fears over a fast-spreading new coronavirus strain in Britain hitting assets across wider markets.Bitcoin slumps 6 per cent as new COVID-19 variant upsets wider markets Bitcoin was last down 5.5% at $22,156 after hitting a record $24,298.04 on SundayBitcoin’s Record High: 2 Easy Ways to Buy In Some people feel that Bitcoin is hard to buy, but you can easily gain exposure through the CI Galaxy Bitcoin Fund (TSX:BTCG.UN).UPDATE 1-Bitcoin slumps 6% as new COVID-19 strain upsets wider markets Bitcoin dropped as much as 6% on Monday, with fears over a fast-spreading new coronavirus strain in Britain hitting assets across wider markets.",0,23480.8,24090.0,21885.6,22716.1,10783.18264979,-0.0325629133714072,0.8350916368698926,0.0938809580593506,0.589725,0.0,0.0,0.759095,0.0,23101.673333333332,23284.662447788953,0.0,-1.0,-1.0,0.02865827857612041,0.029310811467246404,1.0,0.0,1.0,,,,,0.0,0.0,0.0
2020-12-22,10,"SEC Sues Ripple Over XRP Cryptocurrency The agency, whose chairman is leaving soon, claims the company violated investor-protection laws when it sold the bitcoin-like digital asset.Elon Musk: Missed the Bitcoin Train? Buy This 1 EV Stock Today Before it's Too Late While Elon Musk’s views about Bitcoin remain unclear, it’s a well-known fact how Tesla -- his electric car company -- made him the second-richest person in the world. Here’s one great EV stock to buy on TSX today.Anthony Scaramucci's SkyBridge hedge fund just invested $25 million in a bitcoin fund as it sees an 'avalanche of institutional investors' buying crypto in 2021 Anthony Scaramucci's SkyBridge Capital just launched a bitcoin fund and invested $25 million of capital. It will go live to outside investors in 2021. AfterShould You Buy Gold or Bitcoin to Hedge Against a Stock Market Crash? The second wave of mutant coronavirus is leading to another stock market crash. Should you buy gold and bitcoin as a hedge against the crash?From automation to Bitcoin, Canadian investors see opportunity in 2021 Fund managers are picking cyclical stocks that could benefit from a return to a more typical economy in the coming yearFrom automation to Bitcoin, Canadian investors see opportunity in 2021 Canadian fund managers are revamping their portfolios, picking cyclical stocks that could benefit from a return to a more typical economy in the coming year, as COVID-19 vaccines roll out and central banks provide a historic level of stimulus.5 crucial bitcoin predictions for 2021, from a fintech expert Some say bitcoin could reach as high as $50,000 next year. Although that seems extreme, it's not out of the question if investors move money from other assets into world's most valuable virtual currency.Ripple Claims Bitcoin Is 'Chinese-Controlled' While Announcing New Lawsuit From SEC The Securities and Exchange Commission plans to sue Ripple in federal civil court for selling unregistered securities, according to a news releaseYet another crypto exchange has fallen victim to a massive hack Cryptocurrency exchange EXMO revealed that assets, including Bitcoin, Ripple, Ethereum, and others, were stolen from its hot wallets.Bitcoin appears less volatile than before Tesla's shares have soared more than 676% so far in 2020. Meanwhile, bitcoin has risen about 220% as of midnight EST Tuesday, according to Coin Metrics.",1,22724.6,23837.0,22354.2,23828.2,5728.00766789,0.0489564669991768,-0.4688017578927357,0.0652508735027238,0.0,0.0,0.578295,0.716654,0.559117,23476.654838709677,23408.936693558237,1.0,0.0,1.0,0.04522691727227171,0.03474403381908468,0.0,-1.0,-1.0,,,,,0.0,0.0,0.0
2020-12-23,6,"Warren Buffett: Don’t Let Cryptocurrency Ruin Your TFSA. Buy This 1 TSX Stock Instead If you want to keep your TFSA contributions safe, it’s important to wisely pick your investment choices, or else cryptocurrencies’ temporary glee might wipe out your hard-earned money. That explains why Warren Buffett hates Bitcoin.From automation to Bitcoin, Canadian investors see opportunity in 2021 Canadian fund managers are revamping their portfolios, picking cyclical stocks that could benefit from a return to a more typical economy in the coming year, as COVID-19 vaccines roll out and central banks provide a historic level of stimulus.From automation to Bitcoin, Canadian investors see opportunity in 2021 Canadian fund managers are revamping their portfolios, picking cyclical stocks that could benefit from a return to a more typical economy in the coming year, as COVID-19 vaccines roll out and central banks provide a historic level of stimulus.Forget Bitcoin! This Warren Buffett-Owned Gold Stock Is a Better Buy Warren Buffett-owned shares of Barrick Gold Corp. (TSX:ABX)(NYSE:GOLD) outshines Bitcoin and other cryptocurrencies as the superior investment.Bitcoin Will Never Replace Gold Bitcoin won't replace gold. It is, however, a significant new asset class, and you can get exposure to it through HIVE Blockchain Technologies (TSXV:HIVE) stock.Cryptocurrency XRP tumbles 24% after U.S. SEC charges Ripple XRP, which often moves in tandem with Bitcoin, had rocketed in November to hit its highest level since 2018 as a rally in cryptocurrencies gathered pace. But after Wednesday's drop, XRP has now lost half its value since the start of December.",1,23823.0,24080.0,22629.2,23226.7,8830.55195551,-0.0252431992345204,0.5416445765274036,0.060899131091802,0.0,0.0,0.582335,0.61468,0.0,23349.693650793655,23373.068984313653,0.0,-1.0,-1.0,0.04095836660446984,0.03402126829376389,0.0,-1.0,-1.0,,,,,0.0,0.0,0.0
2020-12-24,12,"Tesla’s Inclusion in the S&P 500 Leaves Less Room for Some Sectors Tesla’s addition to the index gave a boost to the Consumer Discretionary sector, but diminished the weighting of Energy, Financials, and Materials. Plus, market-newsletter commentary on bank buybacks, stock-market manias, bond yields, and Bitcoin.Letters to the Editor of Barron’s Plus, letters on Barron’s stock picks for 2021, Bitcoin, and private equity in 401(k) plansBitcoin: Why $50,000 Is More Likely Than $5,000 Right Now Looking for other high-quality, high-return investments? Check these out...Bitcoin crushes doubters as 224% rally proves it’s here to stay Like social networks, cryptocurrencies derive their value from the number of usersBitcoin’s rally has already outlasted 2017’s epic run The digital currency has tripled in price this year and is holding its gains longerForget Bitcoin: 2 Stocks I'd Buy Instead for 2021 Bitcoin doubled in recent months and the euphoria looks a lot like the rally in 2017. These two stocks might be better picks than Bitcoin for 2021.Bitcoin is irrelevant to financial markets and investors 'are going to weep' if regulators come down hard on crypto, says Kevin O'Leary Kevin O'Leary told CNBC on Thursday bitcoin is irrelevant to financial markets and at risk of regulation. His comments come as an increasing number of institutionsForget Bitcoin and Gold: Buy This Small-Cap Stock for Outsized Gains Here's why this tech stock on the TSX can be a better buy than gold or Bitcoin for 2021.Why did bitcoin’s price surge more than 200% this year? Chances are you've heard of the investors and companies that have bought or adopted bitcoin in 2020.Bitcoin’s Rally Has Already Outlasted 2017’s Epic Run The volatile digital currency has tripled in price this year, but unlike some past surges, it is holding on to gains longer.",1,23225.5,23750.0,22723.0,23718.6,4800.52521058,0.0211782130048607,-0.456373142384988,0.0442186389959311,0.581339,0.0,0.0,0.734772,0.0,23535.599212598427,23433.260205795,1.0,0.0,1.0,0.03273355481668684,0.03144255875787291,0.0,-1.0,-1.0,,,,,0.0,0.0,0.0
2020-12-25,5,"Bitcoin will support government without any compensation, Waqar Zaka Chairman Technology Momvement Pakistan (TMP) Waqar Zaka said that the TenUp has developed a digital currency for the use of SBP.Bitcoin hits all-time high above $25k, later sinks below this level The world's most popular cryptocurrency, Bitcoin, has hit a new all-time high of more than $25,000, trading data shows. On Binance, the largest cryptocurrency exchangeForget Bitcoin: Here's a Warren Buffett Stock to Buy Right Now Barrick Gold Corp. (TSX:ABX)(NYSE:GOLD) is a Warren Buffett stock that Canadians should look to buy on the recent bout of weakness.Bitcoin surges to fresh record high and looks set to break the $25,000 level: 'Merry Bitmas' Bitcoin hit a new record high of $24,661 on Friday. Investors on social media platform declared a ""Merry Bitmas."" Bitcoin continues to be one of the market'sBitcoin's 224% rally this year proves it's here to stay To ignore very evident Bitcoin’s spikes in the past year, the most recent one being last week, is to dismiss the evidence of history.",1,23718.7,24777.7,23410.8,24698.6,6178.77951455,0.0413177843548944,0.2871048986332642,0.0576296340018635,0.548562,0.0,0.0,0.0,0.0,24119.38,23632.334226630574,1.0,0.0,1.0,0.030601193738755306,0.031766431374265366,1.0,0.0,1.0,,,,,0.0,0.0,0.0
2020-12-26,4,"2021 crypto outlook: Bitcoin faces US regulatory scrutiny after record-breaking rally Janet Yellen, who’s been nominated to serve as Treasury secretary in Biden’s administration, has in recent years cautioned investors over Bitcoin, saying it was a 'highly speculative asset' and 'not a stable store of value'Bitcoin at all-time high, value surges past $26,000 According to CoinMarketCap, an aggregator that compiles data from more than 20 brokers, Bitcoin was trading at $26,270.96 on Saturday evening, a rise of 7.36% over the preceding 24 hours.Bitcoin on a record breaking spree, breaches $27,000 to set all-time record high It had hit the $26,000 level for the first time on Saturday.Tesla's Elon Musk asks about converting 'large transactions' to bitcoin Tesla's Elon Musk asks about converting 'large transactions' to bitcoin",1,24703.8,26800.0,24500.0,26441.2,9648.05536731,0.0705546063339623,0.5614823841165446,0.0931030853552894,0.524298,0.0,0.0,0.0,0.0,25282.561839530335,24037.626104044837,1.0,0.0,1.0,0.035307877716003175,0.036601366587127905,1.0,0.0,1.0,,,,,0.0,0.0,0.0
2020-12-27,12,"Become an expert cryptocurrency investor with this bundle of six courses for $30 Source: StackCommerce When the price of Bitcoin maxed out, you might have thought the cryptocurrency bubble had burst. In fact, there are still many digital currencies gaining value. The Complete Cryptocurrency Professional Trading Bundle shows you how to ride the wave and make a profit, with 22 hours of expert training. The bundle is now 97% off MSRP at just $29.99. EvenBitcoin Jumps to Record $28,600 as 2020 Rally Reaches New Heights Bitcoin on Wednesday jumped to a record $28,599.99 (roughly Rs. 21 lakhs), after the digital currency almost quadrupled in value this year amid heightened interest from bigger investors.Bitcoin on longest winning run since 2019 after hitting record The largest cryptocurrency reached an all-time high of $28,365 on Sunday before paring some of the advanceBitcoin miners in Nordic region get a boost from cheap power The Nordic region once again has become a lucrative place to mine crypto-currencies, thanks to a plunge in electricity prices.
The wettest weather in at least 20 years boosted production from hydro-electric plants, leaving Sweden and Norway with some of the lowest power prices in the worldBecome an expert cryptocurrency investor with this bundle of six courses for $30 Source: StackCommerce When the price of Bitcoin maxed out, you might have thought the cryptocurrency bubble had burst. In fact, there are still many digital currencies gaining value. The Complete Cryptocurrency Professional Trading Bundle shows you how to ride the wave and make a profit, with 22 hours of expert training. The bundle is now 97% off MSRP at just $29.99. EvenBecome an expert cryptocurrency investor with this bundle of six courses for $30 Source: StackCommerce When the price of Bitcoin maxed out, you might have thought the cryptocurrency bubble had burst. In fact, there are still many digital currencies gaining value. The Complete Cryptocurrency Professional Trading Bundle shows you how to ride the wave and make a profit, with 22 hours of expert training. The bundle is now 97% off MSRP at just $29.99. EvenBitcoin hits record above $28,000 Bitcoin is crashing -- upward. It just passed $28,000 and shows no signs of stopping.What the #)$*#@)($ is happening with Bitcoin's insane record run? Bitcoin is crashing -- upward. It just passed $28,000 and shows no signs of stopping.What the #)$*#@)($ is happening with Bitcoin's insane record run? Bitcoin is crashing -- upward. It just passed $28,000 and shows no signs of stopping.Bitcoin at all-time high, value surges past $26,000 Bitcoin, the world's most popular cryptocurrency, has surged past the USD 26,000 level to set an all-time record high, according to trading data. On Binance, the largest cryptocurrency exchange by trading volume, Bitcoin was trading at USD 26,286.74, as of 20:45 GMT on Saturday.",1,26442.2,28353.2,25634.6,26251.4,14257.99861732,-0.007178191610063,0.4778106130723116,0.1028129278199243,0.554164,0.0,0.556842,0.783371,0.0,25767.454447702836,24334.125734496884,1.0,0.0,1.0,0.04191978414305351,0.03522851604121993,0.0,-1.0,-1.0,,,,,0.0,0.0,0.0
2020-12-28,16,"Chart points to crypto ‘peaking out’ in early 2021 While bitcoin's intermediate-term outlook is strong, its chart points to a change in direction in the new year, one trader says.Bitcoin Just Jumped. It’s Near a Record High. It isn’t entirely clear why Bitcoin took off, but the price has been moving in line with those of riskier assets.Bitcoin surged past $28,000 for the first time, market cap now exceeds $0.5 trillion TechStartups - Coverage of Technology News, technology startups, Emerging technology, venture capital funding, and Silicon ValleyForget Bitcoin and Gold: Here's a Warren Buffett Stock to Buy if You Fear a Stock Market Crash A stock market crash is never too far away, but there are far better (and safer) assets to protect your portfolio than Bitcoin or physical gold.Bitcoin mining stocks surge after the cryptocurrency passes $28,000 for the first time Bitcoin mining companies Riot Blockchain and Marathon Patent Group soared on Monday morning as investors anticipate bitcoin's continued rally into 2021. BothBitcoin: How to Gain Exposure in Your TFSA Bitcoin has been one of the hottest assets in 2020 and investors have started to take notice. Here's how you can gain exposure in your TFSA.Bitcoin Climbs To All-Time High Of More Than $28,000 The world's most famous cryptocurrency, the bitcoin, has crossed the $25,000 mark for the first time and reached a record high of $28,000.Forget Bitcoin and Air Canada: These 3 Stocks Could Soar in 2021 Bitcoin and Air Canada appear overbought and ripe for a crash. Investors might want to consider three unloved dividend stocks heading into 2021.Forget Gold and Bitcoin! Here's a Tech Stock I'd Buy on the Dip After falling into a bear market, Kinaxis Inc. (TSX:KXS) stock looks like a far better bet than gold and Bitcoin as the pandemic dies down.What investors think will be the best performing investment in 2021 CNBC asked dozens of investors, traders and strategists to pick a 2021 winner from Tesla, Amazon, Apple, bitcoin and Exxon Mobil.",1,26238.0,27460.9,26056.4,27029.5,7871.34149982,0.0296403239446276,-0.4479350355485212,0.0535292324110069,0.560965,0.0,0.0,0.561068,0.0,26398.785490962386,24672.4701253125,1.0,0.0,1.0,0.030175644125785397,0.03311493841201558,1.0,0.0,1.0,,,,,0.0,0.0,0.0
2020-12-29,14,"Is the surging Bitcoin an existential threat to ASX gold miners? The rocketing value of Bitcoin appears to be coming at the expense of the gold price – and that can’t be good news for ASX gold miners.Carolina Panthers' Russell Okung claims to be first NFL player ""paid in bitcoin"" Okung will take half of his $13 million salary in Bitcoin, but it won't necessarily come in that form from his team.No, NFL player Russell Okung is not being paid in bitcoin Headlines have spread that Carolina Panthers lineman Russell Okung is the first NFL player to get paid in bitcoin, but that’s not true. He gets paid in US dollars, and is then converting the money.TSX: Bitcoin Can’t Beat This Warren Buffett Stock in the Long Term Here are the reasons why this Warren Buffett-owned TSX stock could beat Bitcoin or any other cryptocurrency in the long term.NFL player to be paid in bitcoin In May 2019 NFL player Russell Okung tweeted ""Pay me in Bitcoin"" and now that appears to be happening.Bitcoin Jumps to Record $34,800 Following 800 Percent Surge Since March Bitcoin soared to a record high of $34,800 on Sunday. The latest milestone for the world's most popular cryptocurrency came less than three weeks after it crossed $20,000 for the first time. Bitcoin has now surged some 800 percent since mid-March.Panthers' Russell Okung becomes first NFL player to be paid in bitcoin Part of Okung's traditional paychecks will be converted into bitcoinRussell Okung To Become First NFL Player Paid In Bitcoin Russell Okung is the first NFL player to have his salary paid out in Bitcoin. Carolina Panthers offensive lineman Russell Okung is set to become the first NF...Russell Okung becomes first NFL player to be paid in Bitcoin Carolina Panthers tackle Russell Okung will receive half of his $13 million salary in the form of the volatile cryptocurrency, a payments startup announced Tuesday.Russell Okung to Be 1st NFL Player Paid in Bitcoin; $6.5M of Panthers Salary The Carolina Panthers will pay half of Russell Okung 's $13 million contract for 2020 in Bitcoin, according to NFL Network's Ian Rapoport ...",0,27028.9,27400.0,25850.0,27376.2,8698.45260361,0.0128267263545385,0.1050787980433722,0.0573460259204037,0.0,0.600483,0.0,0.625771,0.0,26887.612087912086,24993.08775637491,1.0,0.0,1.0,0.022591029149368665,0.031014938621874124,1.0,0.0,1.0,,,,,0.0,0.0,0.0
2020-12-30,27,"Bitcoin Continues to Set Records. Why Prices Can Keep Going Higher. A strategist at Fundstrat sees even more upside for the cryptocurrency.Bitcoin to reach $US40,000: Fundstrat's new target A conservative target for the digital currency is $US40,000, according to Fundstrat Global; a $US100,000 price is 'historically possible' too.Forget Bitcoin and Gold: Here's an ETF That Could Crush the TSX in 2021 BMO Low Volatility Canadian Equity ETF (TSX:ZLB) is a a productive way to shield your portfolio from excess levels of volatility.Bitcoin touches $29,000 for another high in banner year The latest price surge continues to divide opinion between those who view cryptocurrencies as a hedge against dollar weakness and inflation risk, and others who question Bitcoin’s validity as an asset class given its speculative nature and boom-and-bust cyclesBitcoin price soars four times in 2020. Key things to know Wealth managers caution retail investors and ask them to strictly avoid investing in bitcoin.They believe the prices have been highly volatile, completely driven by speculative forcesRussell Okung's bitcoin salary could trigger more pro athletes to invest The Carolina Panthers offensive linemen agreed to have roughly $6 million of his salary diverted to mobile payment company Strike to purchase bitcoin investments.Bitcoin nears $27,000. Why it might make sense to give some to charity Sitting on a pile of appreciated crypto? Consider donating some of it to your favorite charitable organizations. What it means for your taxes.Bitcoin jumps to record $28,600 as 2020 rally reaches new heights The latest gains took bitcoin’s market capitalisation past $518 billionBitcoin hits new high, edges closer to $30,000 Bitcoin hit a new all-time high on Wednesday, with the cryptocurrency creeping ever closer to the $30,000 mark.WSJ Wealth Adviser Briefing: Bitcoin Gains Hold, Tech Pay Rates Expand, Hypnosis Gains Acceptance Bitcoin has tripled in price this year and has held its gains longer; some technology firms experimented with nationally competitive, nonlocalized pay for workers, and virtual hypnosis gained more acceptance from doctors but patients remained skeptical.",1,27376.2,28972.1,27346.0,28879.9,10428.39122144,0.0549272725944434,0.198878892219525,0.0593983094804976,0.0,0.0,0.0,0.713635,0.643758,27883.877658405567,25431.376476327147,1.0,0.0,1.0,0.027240092534973434,0.031654134614642684,1.0,0.0,1.0,,,,,0.0,0.0,0.0
2020-12-31,14,"Bitcoin Looks to Gain Traction in Payments High fees and volatility present obstacles to the soaring digital currency becoming a payments staple, but PayPal’s decision to allow customers to buy and sell bitcoin could be a step toward the mainstream.Bitcoin touches record above US$29,000, extending 2020 rally NEW YORK: The price of Bitcoin topped US$29,000 on Thursday for the first time, with the digital currency almost quadrupling in value this ...Bitcoin touches record above $29,000, extending 2020 rally The price of Bitcoin topped $29,000 on Thursday for the first time, with the digital currency almost quadrupling in value this year amid heightened interest from investors big and small alike.Bitcoin touches record above $29,000, extending 2020 rally The price of Bitcoin topped $29,000 on Thursday for the first time, with the digital currency almost quadrupling in value this year amid heightened interest from investors big and small alike.Bitcoin could quadruple in 2021 as the digital currency sees a rally similar to 2017, Fundstrat's Tom Lee says Bitcoin's near 300% surge in 2020 could be followed up by an even stronger performance in 2021, according to Fundstrat's Tom Lee. In an interview with CNBCBitcoin looks to gain traction in payments PayPal gives the digital currency a green light, but high fees, volatility still present obstacles2020 was great for bitcoin but now analysts are worried about a correction Extending its recent run-away rally, the digital currency jumped to a fresh record high of $28,933 on Thursday.Bitcoin’s Biggest Problem: Its Value Will Never Change InvestorPlace - Stock Market News, Stock Advice & Trading Tips Bitcoin prices are up more than 15% in the past week to nearly $29,000. For yea...Forget Bitcoin: Here's How to Turn $30,000 Into $990,000 for Retirement Bitcoin predictions for 2021 have some pundits targeting US$50,000. That could turn out to be the case, but investors might want to book profits now and invest in these proven long-term winners.A bitcoin ETF could finally become a reality in 2021 after SEC filing from VanEck A bitcoin ETF could finally land on Wall Street in 2021 following a new application filed with the Securities and Exchange Commission this week by VanEck.",1,28880.0,29291.7,27844.0,28959.2,7612.52438637,0.0027458543831522,-0.2700192939905041,0.0501281163434903,0.762954,0.0,0.0,0.759276,0.0,28421.57164743942,25811.764292921165,1.0,0.0,1.0,0.028439149043981253,0.030428535534301072,1.0,0.0,1.0,,,,,0.0,0.0,0.0
2021-01-01,5,"Bitcoin hits record high price of $30,000 “Bitcoin could compete more intensely with gold as an 'alternative' currency over the coming years, analysts sayBitcoin breaches $30,000 for first time as rally extends into new year The currency gained almost 6% on Saturday to reach nearly $31,000, before slipping back to about $30,800 as of 1:15 pm in London.It advanced almost 50% in December, when it breached $20,000 for the first timeBitcoin scam: Man arrested for duping people to the tune of Rs 2.5 crore A case was registered after the complainants alleged that Verma, his son Bharat Verma and others induced them to invest in the scheme of cryptocurrency being operated by the accused under the name of Pluto Exchange, they said.The accused assured the complainants fixed return between 20 to 30 per cent of the invested amount per month.Bitcoin Approaching $30k As Crypto Market Booms Heading Into 2021 Bitcoin Approaching $30k As Crypto Market Booms Heading Into 2021Bitcoin Touches Record Above $29,000, Extending 2020 Rally NEW YORK: The price of Bitcoin topped $29,000 on Thursday for the first time, with the digital currency almost quadrupling in value this year amid heightened interest from investors big and small alike.",0,28959.4,29670.0,28672.3,29398.9,5856.86897657,0.015183430481505,-0.2306272296405971,0.0344516806287423,0.0,0.0,0.0,0.0,0.0,28910.25073702201,26183.36458250274,1.0,0.0,1.0,0.020309119984896,0.02877421793777281,1.0,0.0,1.0,,,,,0.0,0.0,0.0
2021-01-02,23,"Digital currency Bitcoin rallies above $30,000 for first time The price of the world's most popular cryptocurrency traded as high as $31,824 early Saturday, with almost all other markets closed over the first weekend in 2021.Bitcoin Breaks Above $30,000 to Hit Another Record High Bitcoin kicked off 2021 just how it ended 2020—with a roaring rally to record highs.Bitcoin rallies above $30,000 for first time after advancing over 300% in 2020 Bitcoin advanced more than 300% in 2020, and with the latest leg higher has added more than 50% since crossing $20,000 just two weeks ago.Bitcoin crosses $30,000 for the first time as it charges into 2021 Bitcoin set a new record Saturday when the price of the digital currency passed $30,000. The blockchain incumbent has been surging in recent weeks, passingBitcoin soars past $33,000, its highest ever Bitcoin has been flirting with the $30,000 mark for weeks, and finally passed that record-setting level Saturday. The virtual currency is now valued at above $33,000, an all-time high.Bitcoin extends rally to top $30,000 for first time The cryptocurrency has been increasingly in demand over the past year though investors have had a rocky ride in the past.Bitcoin breaches $34,000 as rally extends into new year The latest gains top an eye-popping rally for the controversial digital asset in 2020, which rebounded sharply after a severe crash in March that saw it lose 25% amid the coronavirus pandemicMutual Funds, ETFs, Bitcoin Showed Strong Gains In 2020 Mutual Funds, ETFs, Bitcoin Showed Strong Gains In 2020Forget Bitcoin? Buy Now: The Sky Is the Limit! High-risk, high-reward investors: cryptocurrencies are going parabolic. Here's how to trade these risky assets.Bitcoin reaches highest value since 2017, breaks $30K mark After hitting an all-time high of around $19,700 per in late 2017, the price of a single Bitcoin dipped sharply before bottoming out around $3,200 in December...",1,29398.7,33245.0,29028.7,32238.8,19615.91350889,0.0965988523380125,2.349215013578433,0.1434179062339491,0.596809,0.0,0.0,0.0,0.0,30574.550763714047,26788.4988359954,1.0,0.0,1.0,0.05051868637395299,0.03636684113684131,0.0,-1.0,-1.0,,,,,0.0,0.0,0.0
2021-01-03,22,"Bitcoin price reaches a record-setting $AU39,000, it's highest ever Bitcoin has tripled in value during 2020, and some experts are forecasting it to go even further.ASX tipped to fall; Bitcoin rockets Investors are nervous over the potential for a renewed spread of COVID-19 and associated lockdowns in Australia, while Bitcoin has topped $US33,490.Bitcoin price surges, Aussie dollar, stock market, cryptocurrency, gold value Bitcoin, the world’s most popular cryptocurrency, has surged past $42,000 for the first time in history.Bitcoin tops Rs5.47m as record-breaking rally resumes he rally has fed concerns that bitcoin is set to repeat the events of three years ago, when a bull market dramatically collapsed.2020 was great for bitcoin but experts are wary of a correction Bitcoin is now being perceived as an inflation-hedge and an asset with a potential to give mouth-watering returns quickly.It has almost quadrupled in value this year, outperforming safe havens gold and the US dollarCryptocurrency Trading Volumes Hit Record $68.3 Billion Following Bitcoin Rally, Research Shows Trading volumes on major cryptocurrency exchanges hit a daily record on Monday of over $68 billion (roughly Rs. 4,97,200 crores), research showed, highlighting the trading frenzy that has accompanied bitcoin's charge to an all-time high.Bitcoin Falls Over 14 Percent in a Day to Around $30,000 Bitcoin had a sharp slide on Monday after touching a record high of $34,800 (roughly Rs. 25.4 lakhs) just a day earlier. The world’s largest cryptocurrency fell over 14 percent after earlier touching as high as $33,670 (roughly Rs. 24.6 lakhs), wiping out more than half its 20 percent rally from New Year's Eve to a record $34,800 (roughly Rs. 25.4 lakhs) on Sunday.Bitcoin slumps 17%, most since March as volatility grips trading Prices sank as much as 17% in the biggest intraday retreat since March, wiping out gains made over the weekend.Believers in Bitcoin have pointed to the market’s supply constraints and supposedly rampant money printing by central banks as key drivers of bullish narrativeEther jumps amid crypto rally, tracking bitcoin's surge Ether climbed as much as 12% to about $1,069 following a 30% advance on SundayStocks and Bitcoin Are Massive Bubbles, Long-Time Bear David Rosenberg Warns Rosenberg Research’s David Rosenberg is worried about frothiness in the market, but he’s still finding ways to make money.",1,32215.4,34771.0,32002.0,33082.7,12135.92577129,0.0261765326252838,-0.3813224265191648,0.0859526810159116,0.0,0.0,0.0,0.63377,0.0,31828.634949760053,27397.420189135566,1.0,0.0,1.0,0.040417344135440327,0.034502487468945346,0.0,-1.0,-1.0,,,,,0.0,0.0,0.0
2021-01-04,57,"Bitcoin slumps, slamming brakes on New Year rally Bitcoin fell sharply on Monday, losing ground from a record high of $US34,800 touched a day earlier, with traders citing volatility in highly leveraged futures markets.Dow drops 383 points as COVID-19 cases surge US stocks declined in the first trading session of 2021 on Monday as investors weighed a new spike in virus cases. Bitcoin saw a volatile trading session onJPMorgan says bitcoin could rally as high as $100,000 - but warns that such a surge would be 'unsustainable' Bitcoin could stage a monster rally in 2021 and reach $100,000, but pricing at that level ""would prove unsustainable,"" JPMorgan said in a note on Monday. ""WeRGB-LIT Bitcoin Mining Rig With 78 GeForce RTX 3080 Graphics Cards Comes Operational, Earns 20 Grand USD A Month The Mega RGB-Lit bitcoin mining rig featuring 78 GeForce RTX 3080 graphics cards has come operational and earns up to $20,000 US per month.What is next for bitcoin after record-breaking surge? The cryptocurrency's recent highs were achieved at weekends and during the festive period when many brokers were away from workBitcoin's long-term target as expected by JPMorgan: $146,000-plus Bitcoin’s market cap of around $575 billion would have to rise by 4.6 times -- for a theoretical Bitcoin price of $146,000 -- to match the total private sector investment in gold via ETFs or bars and coins, strategists sayHedge fund manager Scaramucci launches cryptocurrency fund Anthony Scaramucci's firm SkyBridge Capital is the latest traditional fund manager to launch a bitcoin-focused fund after a surge of interest in cryptocurrencies in 2020.Anthony Scramucci's Skybridge investment firm launches bitcoin fund Bitcoin prices more than quadrupled in 2020 and surged to a new record above $30,000 this year, but many investors think there's still room for the cryptocurrency to run. Anthony Scaramucci has become the latest bitcoin bull hoping to give the digital currency some legitimacy.Anthony Scaramucci’s firm launches cryptocurrency fund SkyBridge Capital is the latest traditional fund manager to launch a bitcoin-focused fundEther soars above $1,000 as bitcoin sets another record The value of all cryptocurrencies in circulation is more than $850 billion.",1,33082.7,33652.3,27920.0,32048.0,16125.62840498,-0.0312761654883064,0.328751403797183,0.1732718308965109,0.543575,0.0,0.0,0.0,0.0,31938.31789328725,27834.322988386873,1.0,0.0,1.0,0.05300174497674368,0.03716387021311464,0.0,-1.0,-1.0,,,,,0.0,0.0,0.0
2021-01-05,42,"Cancel culture grips financial markets, engulfs short sellers The incredible rise of bitcoin and Tesla may be more down to the digital mob more than anything else, and short sellers are paying for it.How to invest in blockchain, the high-risk but high-potential technology behind bitcoin and other digital transactions Investing in blockchain technology has become hot due to its role as the database for cryptocurrencies and digital transactions. You can invest in blockchainForget Bitcoin: These 2 Gold Stocks Are on the Move! Bitcoin had an astronomical run. It's time to come back to these gold stocks that are just starting to run up again!Federal Reserve is planning to create a Digital Dollar Wallet in 2021. Could this accelerate the adoption of Bitcoin? TechStartups - Coverage of Technology News, technology startups, Emerging technology, venture capital funding, and Silicon ValleyASX to dip; Oil hits 10-month high on OPEC+ cuts The Australia sharemarket is poised to drop slightly at the open; oil prices soared to their highest level since February as OPEC+ cut its production; JPMorgan tips bitcoin to hit $US146,000; Georgia heads to the polls in Senate race.Breakingviews - Bitcoin offers economics lesson, if little else Bitcoin is an economics lesson masquerading as an asset. The value of the cryptocurrency took over a decade to top $20,000, yet it then eclipsed $30,000 roughly two weeks later in the early days of 2021. It's a textbook case of speculative demand meeting scarce supply.The Astronomic Rise In Cryptocurrency Prices Will Extend The GPU Shortages Bitcoin and Ethereum have risen astronomically in price and so has the mining cryptocurrency craze looking to extend the shortage in GPUs.Bitcoin could hit $US146,000, says JPMorgan The cryptocurrency's emergence as 'digital gold' for Millennials could put a rocket under its price, says the investment bank.Bitcoin tops $35,000, setting new all-time record Earlier this week, the world's most popular cryptocurrency Bitcoin lost more than 15 percent of its value after breaking multiple records. The value of Bitcoin has setBitcoin Slides 12 Percent Amid Rising US Dollar Cryptocurrencies plunged with bitcoin dropping more than 12 percent and ethereum 20 percent as rising US bond yields lifted the dollar broadly and hurt other safe assets that pay no income. Bitcoin fell as far as $33,447, its lowest since January 6.",1,32047.9,34499.0,29910.5,34050.0,10982.67553728,0.0624687968047927,-0.3189303845121302,0.1431763079640163,0.0,0.0,0.565921,0.664423,0.0,32994.16096050446,28402.92010984005,1.0,0.0,1.0,0.051340136472514536,0.03743200620944451,0.0,-1.0,-1.0,,,,,0.0,0.0,0.0
2021-01-06,24,"Crypto market value tops $1 trillion as Bitcoin hits $37,000 Bitcoin rose as much as 5% today to touch a high of $37,802 and has more than quadrupled in the past year.Bitcoin accounts for about two-thirds of cryptocurrency market value, followed by Ether at about 13%Investing in bitcoin? Keep this in mind before selecting a crypto exchange While understanding the risks associated with investing in this asset class is important, the selection of the exchange for dealing in cryptocurrencies is one of the key tasks an interested investor must complete before dabbling in fiat currencies.Bitcoin Crosses $40,000 Mark, Doubling in Less Than a Month Bitcoin price has crossed $40,000 (roughly Rs. 29 lakh) only a few days into 2021. Some investors are now using the notoriously volatile currency as a “store of value,"" that is traditionally a title saved for safe-haven investments like gold and other precious metals.Forget Bitcoin! I'd Listen to Warren Buffett and Invest in Cheap Shares to Retire Rich Following Warren Buffett’s advice and buying cheap shares could be a better means of building for retirement compared to investing money in Bitcoin.Avoid Bitcoin; it's Rat Poison! Not many institutional investors endorse cryptocurrencies like Bitcoin, and Warren Buffett is one of them. He compared it to rat poison.Will Bitcoin Become the New Gold Standard? No less an expert than JPMorgan Chase & Co. said that Bitcoin could trade as high as $146,000 if it is viewed as a safe haven rivaling gold.Veteran investor Bill Miller flips Warren Buffett's Bitcoin snub to argue crypto beats cash Value investor Bill Miller praised Bitcoin in a market letter on Thursday. The Miller Value Partners chief and former Legg Mason boss invoked Warren Buffett'sBitcoin: JP Morgan Sees 300% Upside! With momentum in Bitcoin seemingly growing by the day, JP Morgan sees prices for the cryptocurrency skyrocketing in the future.Bitcoin hits new record above $35,000 after massive drop Bitcoin surged to a new record high late Tuesday less than two days after suffering its biggest single-day drop in months.Clampdown on buying Bitcoin comes into force amid warnings it could increase cyber crime A CLAMPDOWN on how UK investors can buy bitcoin and other crypto currencies comes into force today, with leading industry players warning it will merely increase the risk to naïve punters lured by their sudden surge in value.",1,34049.7,36989.0,33373.4,36876.7,12345.59200165,0.0830161527165931,0.1240969433853951,0.1061859575855293,0.506745,0.0,0.0,0.578025,0.53776,34935.43233159288,29159.538362666146,1.0,0.0,1.0,0.04717560528539415,0.0395306586647726,0.0,-1.0,-1.0,27565.170000000002,4235.14211059645,31800.312110596453,23330.02788940355,0.0,-1.0,-1.0
2021-01-07,51,"Bitcoin Crosses USD 40K Mark, Doubling In Less Than A Month Charlotte (US) (AP) First it went through USD 20,000.Bitcoin crosses USD 40K mark, doubling in less than a month Its largely become a store of value, said Mike Venuto, a co-portfolio manager of the Amplify Transformational Data Sharing ETF, a USD 391 million exchanged-traded fund that focuses on blockchain technologies and companies that deal with cryptocurrencies.Media attention to its rise has only added fuel to the rally.Bitcoin crosses $40K mark, doubling in less than a month CHARLOTTE, N.C. (AP) — First it went through $20,000. Then 10 days later, it broke through $25,000, and then, with barely taking a breath, it crossed $30,000. Now only a few days into 2021, the...Bitcoin Surges Past $40,000 Mark Doubling Value In Less Than A Month; Rises Four Times In A Year JPMorgan Chase & Co has forecasted that Bitcoin is likely to surge to as high value as $1,46,000 in the long term.Bitcoin Hit Another Record. It’s Up by a Third in a Week. The cryptocurrency is up 36% in the first week of January, even after last year’s eye-popping gains.Bitcoin Crosses US$40,000: 1 Top Tech Stock to Beat Cryptos in 2021 While Bitcoin is at its all-time high and other cryptocurrencies are rallying, they’re extremely risky to trade right now. But this Canadian tech stock could get you better returns in 2021.Bitcoin hits $40,000 for first time, but pullback likely imminent Bitcoin topped $40,000 for the first time on Thursday, as it continues a rally that has seen the digital currency climb more than 700% from a March 12 closing low.Bitcoin hits $40,000 for first time, but pullback likely imminent Bitcoin topped $40,000 for the first time on Thursday, as it continues a rally that has seen the digital currency climb more than 700% from a March 12 closing low.Bitcoin’s Hot 2021 Continues With Move Above $40,000 The digital currency’s price has doubled in less than a month.Dan Deity, Hugh Henne Return To Benzinga's Power Hour To Talk GigCapital3, Bitcoin Plays Hugh Henne and Dan Knight, hosts of the podcast “Pennies: Going in Raw, joined Luke Jacobi and CEO Jason Raznick on Benzinga’s da...",1,36873.4,40376.9,36201.0,39489.0,16175.89556871,0.0708387681110296,0.3102567755801484,0.1132496596462491,0.529254,0.0,0.613783,0.0,0.0,37212.21725145209,30061.7106298979,1.0,0.0,1.0,0.034214394935171144,0.03952472351276506,1.0,0.0,1.0,28383.095,4866.229184197098,33249.3241841971,23516.865815802903,0.0,-1.0,-1.0
2021-01-08,53,"The Case for and Against Investing in Bitcoin The digital currency has quintupled in value over the past year. Should you steer clear?Commentary: The rise and further rise of Bitcoin Wherever the price goes from here, the fortunes of the leading cryptocurrency are clearly going to be one of the world’s biggest financial stories ...Bitcoin gets 'less risky the higher it goes': Legendary investor Bill Miller breaks down why the cryptocurrency could surge 100% in 2021 Legendary investor Bill Miller told CNBC on Friday he sees bitcoin surging 100% in 2021 as more investors add the coin to their portfolios as a hedge againstBitcoin on record-setting spree, jumps 5% on day Bitcoin jumped more than 5% on Friday to fresh record highs of $41,530, reversing losses from earlier in the session.Bitcoin on record-setting spree, jumps 5% on day Bitcoin jumped more than 5% on Friday to fresh record highs of $41,530, reversing losses from earlier in the session.Bitcoin Prices Are Going Insane: 3 Reasons Why You Should Avoid it There are inherent risks to Bitcoin and the HIVE Blockchain Technologies stock. It would help to understand the cryptocurrency market and crypto mining operations first before investing in either.Bitcoin rally may be the 'mother of all bubbles' says Bank of America The bitcoin faithful remain convinced that prices can keep climbing.Bill Miller says bitcoin becomes less risky the higher the price goes ""It gets less risky the higher it goes. That's the opposite of what happens with most stocks,"" Bill Miller said of bitcoin.Bitcoin’s wild weekends turn efficient market theory inside out It’s on Saturdays and Sundays, when most other assets barely budge, that Bitcoin tends to go particularly nuts.Bitcoin surged about 40% over the seven days through FridayThe case for and against investing in Bitcoin The digital currency has quintupled in value over the past year. Should you steer clear?",1,39489.0,41989.0,36618.0,40666.7,14072.21903592,0.0298234951505482,-0.1300500812368786,0.1360125604598749,0.0,0.0,0.0,0.0,0.0,38939.45903753258,30969.45421516919,1.0,0.0,1.0,0.032242437366233535,0.03777654045216209,1.0,0.0,1.0,29222.855,5459.670648392724,34682.52564839272,23763.184351607277,0.0,-1.0,-1.0
2021-01-09,6,"Two NYC bars could make US history by selling for Bitcoin Manhattan bar owner Patrick Hughes is selling his two Hell's Kitchen taverns, Scruffy Duffy's and Hellcat Annie's — but only for cryptocurrency like Bitcoin, not the US dollar. It may be the first sale of its kind in the US.Bitcoin Seems Unstoppable in 2021: Get in Now! Bitcoin's hype cycle is well under way, and it could breach new records in 2021. Get involved with mining stocks like HIVE Blockchain Technologies (TSXV:HIVE) for exposure.Bitcoin’s price is at an all-time high. How is its value determined? The world’s largest cryptocurrency by market capitalisation has become a hedge against looming inflation and poor returns on other types of assets.As Predicted, Bitcoin Just Hit the $50,000 Mark! Here's What's Next Cryptocurrencies, and Bitcoin in particular, are on a tear! Here's what's next for this asset class.What experts say about cryptocurrency, bitcoin concerns CNBC Make It spoke to bitcoin and fintech experts about the common concerns surrounding the cryptocurrency.3 reasons why bitcoin has doubled in less than a month - and why experts think it won't repeat its 2017 crash Bitcoin has more than doubled in less than a month, leaving analysts and investors stunned and concerned about a possible market bubble. In many ways the token's",1,40644.2,41418.0,38765.2,40252.1,5989.36250679,-0.0101950736105953,-0.5743839339409178,0.0652688452472924,0.501276,0.0,0.540472,0.875298,0.0,39595.7795970058,31749.479607547215,1.0,0.0,1.0,0.041907312261807037,0.038205614367760064,0.0,-1.0,-1.0,30061.425,5808.161120887072,35869.58612088707,24253.26387911293,0.0,-1.0,-1.0
2021-01-10,61,"From tech to bitcoin, long-time bull Ed Yardeni worries about meltdown Edward Yardeni of Yardeni Research sees late 1990s-type euphoria creating a vulnerable market environment.Three reasons bitcoin has just doubled (and probably won't crash) Analysts and investors are concerned about a possible bubble, but here's why experts think the cryptocurrency won't repeat its 2017 fall from grace.ASX to edge up, Wall St bets on stimulus Australian shares are poised to rise, after Wall Street positioned for still more stimulus. $A dips. Bitcoin extends rally. Gold tumbles.Bitcoin prices slump as volatility resumes amid rising US yields Bitcoin fell as far as $33,447, its lowest since Jan. 6What is bitcoin halving and will it affect the rate? The reward for a bitcoin miner changes roughly every four years, or after every 210,000 blocks are mined and gets reduced by half each time, this whole process is called bitcoin halving.Historically, after every halving, bitcoin experiences a bull runBitcoin Slides 26 Percent in Biggest Plunge Since March, Shakes Faith in Cryptocurrency Boom Bitcoin slid as much as 26 percent over Sunday and Monday in the biggest two-day slide since March. The steep selloff is fuelling concern that the cryptocurrency bubble may be about to burst.From Tech to Bitcoin, Long-Time Bull Ed Yardeni Worries a Meltdown Will Strike the Market Edward Yardeni of Yardeni Research sees late 1990s-type euphoria creating a vulnerable market environment.Darknet drug dealers have been accused of hiding a Bitcoin stash that's now worth $16 million. They bought an old fishing boat and a squid permit to conceal their crime, say US attorneys. A federal judge issued a warrant for seizure for about 392 Bitcoin, valued at about $16 million, which US attorneys said was owned by a group of Darknet drugInside This Fund Manager’s Bet on Kentucky Whiskey as a Crypto Asset Wave Financial’s fund comes at a time when digital assets, like Bitcoin, are receiving intense attention from both retail and institutional investors.World's Richest Man Elon Musk Says That He Won't Say No to Being Paid in Bitcoins Elon Musk, the founder of Tesla and SpaceX and who has just become the world's richest man, has said he would never turn down being paid in Bitcoin.",1,40256.8,41437.5,34875.0,38170.5,14578.12038267,-0.0517140720608365,1.4340020104214974,0.1630159376800938,0.0,0.0,0.0,0.606417,0.0,38883.139756026256,32279.9888382115,1.0,0.0,1.0,0.052227170426672145,0.043214035365874245,0.0,-1.0,-1.0,30834.144999999997,5807.53299625626,36641.67799625626,25026.612003743736,0.0,-1.0,-1.0
2021-01-11,52,"Online Platform eToro Called in Leveraged Crypto Trades When Bitcoin Price Peaked The popular online brokerage abruptly curbed trading in cryptocurrencies just as bitcoin hit a record, catching investors in one of the hottest corners of the market off guard.Bitcoin price suddenly plunges 20% - wiping $10,000 off the value of a single coin The volatility prompts warnings from analysts that investors should take care when putting money in cryptocurrencies.FOREX-Dollar extends rebound as U.S. yields rise * Bitcoin falls 20% before paring losses (Updates to U.S. afternoon)Billionaire 'Bond King' Jeff Gundlach says bitcoin appears to be in 'bubble territory' ""Bond King"" Jeffrey Gundlach told CNBC on Monday bitcoin hit ""bubble territory"" once it passed $23,000, and he doesn't feel comfortable with the coin's current$150 Billion Wiped Off Cryptocurrency Market in 24 Hours as Bitcoin Pulls Back Bitcoin, the largest cryptocurrency, fell over 10% from a day earlier to $34,200, according to Coin Metrics data.Bitcoin price PLUNGES more than 20 per cent in three days The drop highlights how the stunning rise has raised alarm bells among some on Wall Street.Bitcoin Investors 'Should Be Prepared to Lose All Their Money"" Individuals investing in crypto-currencies such as Bitcoin should be prepared to lose all their money, a United Kingdom regulatory agency warned Monday.Bitcoin's price action is nearing bubble territory ""I don't like bitcoin here. I don't like things that are up on a stilt like that,"" DoubleLine Capital CEO Jeffrey Gundlach told CNBC.Cryptos is like the internet stock bubble-but thinks bitcoin can 'survive' ""Watching the cryptos trade, it's EXACTLY like the internet stock bubble,"" Mark Cuban, investor on ABC's ""Shark Tank,"" tweeted on Monday.Cryptocurrency's value plummets. Here's what it means for your taxes Bitcoin's price tumbled on Monday. Whether you see this as a buying opportunity or a chance to bail, the IRS will want to know what you did with your holdings.",0,38170.3,38249.9,30302.0,35439.3,27061.98196231,-0.0715526388179352,0.8563423302828816,0.2082220993809323,0.0,0.0,0.0,0.0,0.0,37161.21982669592,32536.99032990953,1.0,0.0,1.0,0.049962862738871815,0.04916178489457958,0.0,-1.0,-1.0,31414.7,5648.496099894755,37063.196099894754,25766.203900105247,0.0,0.0,0.0
2021-01-12,29,"DoubleLine's Gundlach bullish on Asian emerging market stocks, neutral on bitcoin Jeffrey Gundlach, the billionaire chief executive of investment firm DoubleLine Capital, said on Tuesday he is bullish on Asian emerging market stocks and neutral on bitcoin given the volatility of the cryptocurrency.Go read this NYT story about losing $220 million in bitcoin A programmer is only a couple of password attempts away from losing $220 million bitcoin, writes Nathaniel Popper for The New York Times. The programmer’s story and Popper’s reporting highlight the risky nature of bitcoin and the 20 percent of bitcoin that are lost in digital wallets.Forgotten password stands between California man and $240 million Bitcoin fortune There's one password San Francisco programmer Stefan Thomas probably should have remembered. It's standing between him and $240 million.People have lost roughly $140 billion in Bitcoin because they forgot their passwords or got locked out of accounts, and would-be millionaires are struggling to access their wallets People are watching Bitcoin prices rise as some struggle to recover millions of the cryptocurrency, according to The New York Times.Those who lost access toMan Has Two Login Attempts Left to Access $220 Million in Bitcoin Before It's All Lost ""I would just lay in bed and think about it. Then I would go to the computer with some new strategy, and it wouldn't work, and I would be desperate again,"" said Stefan Thomas.Traders watch bitcoin for clues about high-flying stock market A number of investors and traders flagged that the broader stock market started to move in tandem with bitcoin and Tesla in the past few days.Bitcoin good savings 'Plan B' for Black investors: Isaiah Jackson Jackson added that this week's drop shouldn't concern long-term holders.Kevin O'Leary on why he won't invest in bitcoin BTC ""If I want to buy a million dollars worth of bitcoin right now, I've got to do a fair amount of work to pull that off,"" investor Kevin O'Leary said.There's roughly $140 billion of inaccessible bitcoin in the world right now. Here's what could happen to it. Bitcoin's decentralized nature has been one of its biggest selling points, but imperfect storage methods have made millions of the tokens inaccessible. AboutIn bits: the programmer locked out of his £175m bitcoin account Stefan Thomas is not the first person to forget a password, but memory lapses are rarely so potentially costly",0,35444.0,36626.6,32416.8,34046.4,13744.95201747,-0.0393038237211231,-0.4920936671743781,0.1187732761539329,0.0,0.0,0.715898,0.680026,0.0,35603.80989014074,32658.03608378671,1.0,0.0,1.0,0.035449737586937306,0.049516332093404405,1.0,0.0,1.0,31955.685000000005,5332.294169568642,37287.97916956864,26623.390830431363,0.0,0.0,0.0
2021-01-13,29,"Bitcoin’s wild ride leaves traditional money managers queasy The digital currency’s recently dazzling run prompted concerns about a potential bubble brewing, but also piqued the interest of hedge funds and private investors. However, turbulence raises fresh questions on whether mainstream investors will hop on board.Man faces losing $317 million Bitcoin fortune if he can’t remember password A desperate computer programmer has just two guesses left to figure out a password which is worth almost $317 million.Why passwords are significant in bitcoin investing Passwords are ubiquitous in modern life, controlling access to bank accounts, email accounts and even phones. However, they matter a great deal more in cryptocurrency investing than other assets. Mint explains their significance in the cryptocurrency world.Man Has Two Guesses To Get His Forgotten Password Correct Or Lose $240 Million In Bitcoin He has now used 8 of his 10 guesses. Two more, and it's gone.Bank of England candidate feels heat from bitcoin's red-hot rally The former CEO of Barclays was being grilled by lawmakers about his candidacy for the Prudential Regulation Committee at the BoE, whose governor Andrew Bailey has said bitcoin has little intrinsic value. A lawmaker asked Jenkins whether it was appropriate that Blockchain was hyping up ""speculative and high risk"" crypto-assets to the ""world and his wife"" on Twitter.Online scammers are trying to sell COVID-19 vaccines on the dark web for as much as $1,000 in bitcoin Since the Moderna and Pfizer COVID-19 vaccines were approved for emergency use in December there have been a growing number of ads on the dark web offeringBitcoin has enabled criminal money laundering and needs to be regulated at a global level, ECB president Lagarde says Bitcoin has enabled criminal money laundering and must be regulated at a global level, ECB President Christine Lagarde told Reuters in an interview on Wednesday.US stocks fluctuate as investors weigh stimulus outlook and political turmoil US stocks fluctuated between gains and losses on Wednesday as investors prepared for House Democrats to move to impeach Trump for the second time. BitcoinForget Bitcoin! Buy These 2 Tech Stocks Instead While bitcoin’s recent surge is a marvel to watch, the cryptocurrency market remains a highly-volatile market. The Real Matters stock and Docebo stock are the better options today. Both tech stocks are on track to deliver massive gains anew in 2021.ECB's Lagarde calls for regulating Bitcoin's ""funny business"" European Central Bank President Christine Lagarde called on Wednesday for global regulation of Bitcoin, saying the digital currency had been used ...",1,34038.2,37820.0,32349.9,37390.1,13128.53982254,0.098210089759857,-0.044846442108094,0.1607047376183229,0.579226,0.0,0.589144,0.611431,0.0,36496.95495172482,33032.56576345685,1.0,0.0,1.0,0.08926278969902428,0.05326711097319245,0.0,-1.0,-1.0,32639.26,5091.642598095115,37730.90259809511,27547.617401904885,0.0,0.0,0.0
2021-01-14,29,"$500,000 in Bitcoin May Have Financed Groups Who Planned Capitol Assault Transfer of 28.15 Bitcoins on Dec. 8 to 22 alt-right recipients may have been used to help organize the Jan.6 assault on the the U.S. Capitol, investigators believe.IT worker puts up $95m reward for lost bitcoin hard drive A computer geek who threw away a hard drive containing $381 million in bitcoin has offered his local council a $95 million reward to find it.Bitcoin fever is back. Here are the Australian exchanges where you can trade cryptocurrencies As the price of the biggest cryptocurrency hovers just below $50,000, people are looking to trade digital coins again. Here's what you need to know.Forget Bitcoin and Gold: Here’s Where to Invest $6,000 in Your TFSA for 2021 If you expect the stock market to crash in 2020, consider investing in mining stocks such as Barrick Gold.Crypto Advisors: How Firms are Working With Bitcoin Now As digital currencies go mainstream, RIA firms—including $35 billion Mariner Wealth Advisors—are learning how to advise on them, allocate them in portfolios, and get paid for doing so.Bitcoin surge helps lift Grayscale assets to record US$20 billion in 2020 Grayscale, the world's largest digital currency manager, said on Thursday its assets under management surged more than 900per cent to US$20.2 ...Bitcoin surge helps lift Grayscale assets to record $20 billion in 2020 Grayscale, the world's largest digital currency manager, said on Thursday its assets under management surged more than 900% to $20.2 billion at the end of last year, lifted by record inflows in the fourth quarter and the surge in the price of bitcoin.INVESTOR ALERT: Bitcoin's Plunge Signals Risks With Speculative Investing Cryptocurrency investing is gambling, pure and simple. That said, for those looking for some exposure, I'm going to discuss the best way to get some right now.Bitcoin prices roar back towards $40,000 The bitcoin roller coaster continues.Man who forgot Bitcoin password accepts fate Stefan Thomas, of San Francisco, says he has made peace with forgetting his Bitcoin password that would turn him into a multimillionaire.",1,37390.1,40115.0,36676.6,39151.6,10488.49678433,0.0471114011462927,-0.2010919016048828,0.0919601712752841,0.0,0.0,0.0,0.0,0.0,37824.27748080707,33511.042337675724,1.0,0.0,1.0,0.06416531185769063,0.05174355868229819,0.0,-1.0,-1.0,33361.909999999996,4928.348144198112,38290.25814419811,28433.561855801883,0.0,-1.0,-1.0
2021-01-15,25,"This man owns $321M in bitcoin - but he can't access it because he lost his password Stefan Thomas is a bitcoin millionaire. Or, he would be if only he could remember his password.Bitcoin Prices: $0 or $100,000? Bitcoin is a revolutionary and disruptive “asset.” Naturally, it comes with unheard-of potential, but also too much risk and volatility.Coinbase commits to a ‘better customer experience’ following complaints Coinbase has a problem. As interest in Bitcoin has soared along with its price, the popular cryptocurrency exchange has found itself the target of a growing spate of angry customers who haven’t been able to access customer service. A quick look at Twitter tells the story. As one upset user of the service ranted earlier […]Five things you need to know about on the markets this week - Biden, big banks and central banks, bond yields, and Bitcoin The stock market has shrugged off turmoil in DC and investors are focused on Joe Biden's plans for the economy. Bond yields are around their highest in a year,Bitcoin slides back below $35,000 as volatile trading week comes to a close Bitcoin slid on Friday as investors took profits from the volatile trading week. The cryptocurrency fell as much as 11%, to $34,409.04, at intraday lows. The$500K in Bitcoin sent from France to US far-right groups PARIS (AP) — A French computer programmer transferred more than $500,000 in Bitcoin to far-right activists just before his death last month, including some involved in last week’s riot in...Man who lost password to $220M worth of bitcoin says he's 'made peace' A San Francisco man who lost the password to a thumb drive with $220 million worth of bitcoin inside says he has ""made peace"" with the loss.Forget Gold and Bitcoin! I'd Follow Elon Musk and Invest in EVs to Get Rich Bitcoin and gold have rallied significantly. But don’t jump into this speculative rally. Instead, use the Elon Musk way to get rich.Buy Gold in 2021, but Don't Neglect Bitcoin Either! Heading into 2021 with an unprecedented amount of risk, investors should strongly consider diversifying their portfolios with gold and Bitcoin.Bitcoin’s Wild Ride: Will a Crash Like 2018 Happen Again? Bitcoin might be heading for another crash after a blazing start in 2021. The better tact for investors is to invest in a dependable dividend-payer like the Rogers Sugar stock. Better to be safe than sorry.",1,39121.5,39686.1,34371.0,36739.8,13486.03839009,-0.0616015692845246,0.285793252112007,0.1358613550093937,0.0,0.0,0.596336,0.649689,0.610558,37282.03873939354,33760.71112726195,1.0,0.0,1.0,0.07586390934092888,0.05447673467724411,0.0,-1.0,-1.0,33876.840000000004,4699.913487602435,38576.75348760244,29176.926512397567,0.0,0.0,0.0
2021-01-16,10,"Climate Change - CNA BANGKOK: During good times, mining for Bitcoin is an around the clock job. In Nonthaburi, a province outside Bangkok, through the day and night ...Forget Bitcoin! This Top TSX Gold Stock Is a Much Better Hedge Don't believe all the hype around Bitcoin -- this top TSX gold pick is a much better and safer way to generate the growth you're looking for over the long term.Warren Buffett: Bitcoin Has No Value Warren Buffett will never invest in cryptocurrencies like bitcoin because he doesn't want to buy things that have underlying value.After dizzying gyrations, what's bitcoin really worth? The virtual currency barrelled to new highs to rise more than 400% over the past year, before promptly sliding some 20% and then settling around $36,000Bitcoin owner whose story went viral after he lost his wallet password says he has 'made peace' with potential $220 million loss As Insider earlier reported, Stefan Thomas had 7,002 bitcoins stored on a secure hard drive. The German programmer now says ""time heals all wounds"" and thatAfter dizzying gyrations, what's bitcoin really worth? After the latest wild ride took the poster child of cryptocurrencies above $40,000 before a stomach-churning plunge, the million-dollar question wont go away: how much is bitcoin actually worth?Cryptocurrencies advocate calls for greater regulatory scrutiny, after Bitcoin’s price jumps 300% last year The Online Citizen Asia Cryptocurrencies advocate calls for greater regulatory scrutiny, after Bitcoin’s price jumps 300% last year FinanceWarren Buffett blasted Bitcoin as a worthless delusion and 'rat poison squared.' Here are his 16 best quotes about crypto. Warren Buffett has repeatedly criticized Bitcoin and other cryptocurrencies as risky and worthless. ""I can say almost with certainty that they will come toA man who says he threw away a hard drive loaded with 7,500 bitcoin in 2013 is offering his council $70 million to dig it up from the city dump James Howells from Newport, Wales, has offered his city council a 25% cut of his 7,500 bitcoins if it allows him to excavate the landfill where he threw itLaurent Bachelier Identified As Man Who Allegedly Sent $500K To Far-Right Activists Organizing Capitol Protest A French computer programmer named Laurent Bachelier allegedly transferred more than $500,000 worth of Bitcoin to far-right activists — funding that was used to send some groups to the protest ...",1,36744.6,37947.5,35342.2,36014.6,8842.42252093,-0.019738811860707,-0.344327647218644,0.0709029353973101,0.599353,0.0,0.597262,0.0,0.0,36648.319369106575,33933.20963607994,1.0,0.0,1.0,0.053855081167252496,0.05311918438813144,0.0,-1.0,-1.0,34365.0,4361.018881070404,38726.018881070406,30003.981118929594,0.0,0.0,0.0
2021-01-17,9,"A man who says he threw away a hard drive loaded with 7500 bitcoin in 2013 is offering his Newport council in Wales $93 million to dig it up from the city dump James Howells from Wales has offered a 25 per cent cut of his 7500 bitcoins if it allows him to excavate the landfill where he threw it away in 2013.How to Get Exposure to Bitcoin Without Paying Taxes You can get exposure to Bitcoin without having to pay taxes on your gains by buying blockchain stock HIVE Blockchain Technologies (TSXV:HIVE).How India’s cryptocurrency exchanges are countering dirty money Unlike financial assets like FDs, stocks and bonds, bitcoin and other cryptos are not held in bank or demat accounts. They can be held outside crypto exchanges in what are called cold wallets.Ten terms to know if you plan to invest in crypto markets A bitcoiner is someone who only invests in bitcoin, with little to no interest in other cryptocurrencies.Cryptocurrencies are updated frequently, and with every update, we see a change in the protocol of a cryptocurrency, which is what you call a forkThe boom in bitcoin and whether you need to care about cryptocurrencies After a big rise in value several years ago, followed by a huge crash, bitcoin quadrupled in value since last fall. So are cryptocurrencies going mainstream? Or is this a bubble waiting to burst?After dizzying gyrations, what's bitcoin really worth? After the latest wild ride took the poster child of cryptocurrencies above $40,000 before a stomach-churning plunge, the million dollar question won't go away: how much is bitcoin actually worth?Man has two attempts left to unlock Bitcoin wallet worth $270 million The private key for his Bitcoin wallet is stranded in an encrypted USB drive.Digging Bitcoin Fortune Out of Trash Is Worth $70M to Man The 7,500 bitcoins James Howells had on an old hard drive were worth about $9 million when he realized he'd thrown the drive into the trash in the summer of 2013. That was bad enough, but the virtual... World News Summaries. | NewserMan who accidentally threw out a bitcoin fortune offers $90 million for permission to dig it up He wants to excavate a landfill site, offering up a staggering $90million to the council if he finds it.",1,36010.5,36873.9,33850.0,35816.4,9017.89627085,-0.0055033236520743,0.0198445334979926,0.0839727301759209,0.0,0.0,0.571201,0.0,0.0,36232.359684359595,34075.971445934054,1.0,0.0,1.0,0.038604628125939684,0.0512475953709826,1.0,0.0,1.0,34804.345,4011.744266063004,38816.089266063005,30792.600733936997,0.0,0.0,0.0
2021-01-18,13,"Elon Musk, Jeff Bezos, and Warren Buffett: Stocks, NOT Bitcoin, Made Them Rich A recent rally in Bitcoin prices has made the cryptocurrency market hot again. While it might look like a good option to quickly get rich, it could be the worst investment decision of your life. Here’s why.Bitcoin steady as analysts say getting back to $40,000 is key The cryptocurrency could be hurt by an exodus of trend-following investorsA record $3.7 billion in Bitcoin options are set to expire on January 29 as interest in cryptocurrencies surges Bitcoin options worth a record $3.7 billion are set to expire at the end of the month. The surge in the Bitcoin price has helped the options market expandBitcoin vs. Gold: 3 Ways Crypto Could Replace Gold According to cryptocurrency followers, bitcoin could replace gold as the safest asset in the future in three ways. However, the Lightspeed POS stock is the better alternative for investors looking for superior returns in 2021.Top ten shares to buy in a K-shaped recovery for the economy (as well as Bitcoin) Comment: fund management house Ruffer says we must prepare for an inflationary worldHow Canadian fund managers are betting on the bitcoin boom Although the cryptocurrency is still high-risk, some forward-thinking money managers have some exposure to this asset in their fundsBitcoin steady as analysts cite $40,000 (U.S.) target Even after yearlong rally, investors might exit if target can’t be surpassed, say strategists.What does 'good diversification' mean in 2021? What does 'good diversification' mean in 2021? Are shares enough? Or should investors chase bonds, gold, or even bitcoin?Banned bitcoin trader alleges bank discrimination Cryptocurrency trader alleging emotional distress and damage to his reputation seeks $250,000 from Westpac and ANZ.2 Strategies For Bitcoin Trading Even If You're Skeptical Of Cryptocurrency Market Analysis by Seth Levine covering: Walmart Inc, Johnson & Johnson, Tesla Inc, Investing.com Bitcoin Index. Read Seth Levine's Market Analysis on Investing.com",1,35815.6,37400.0,34754.5,36622.5,7464.62633774,0.0225064495594196,-0.1722430472094567,0.0738644612961949,0.604372,0.0,0.0,0.862559,0.67941,36427.42984222522,34267.32804449994,1.0,0.0,1.0,0.0340302490657681,0.04938196041052331,1.0,0.0,1.0,35266.66,3624.778725355436,38891.43872535544,31641.88127464457,0.0,0.0,0.0
